{
    "epoch": [
        1.0,
        2.0,
        3.0,
        4.0,
        5.0,
        6.0,
        7.0,
        8.0,
        9.0,
        10.0,
        11.0,
        12.0,
        13.0,
        14.0,
        15.0,
        16.0,
        17.0,
        18.0,
        19.0,
        20.0,
        21.0,
        22.0,
        23.0,
        24.0,
        25.0,
        26.0,
        27.0,
        28.0,
        29.0,
        30.0
    ],
    "train_loss": [
        1.0194987405250668,
        0.6181309768814779,
        0.47237842843754974,
        0.393711043630565,
        0.3390003828089863,
        0.2995207725383452,
        0.2702922017655377,
        0.24466637366734698,
        0.2424486872156288,
        0.24005018750168286,
        0.22159863874615018,
        0.23357336647944962,
        0.22508017067921712,
        0.2317359227924214,
        0.224448189165349,
        0.21660605771913669,
        0.22431858734868357,
        0.22726973992591332,
        0.22968649474454114,
        0.23240143172410435,
        0.22491809260668502,
        0.221291470665358,
        0.23328177652986753,
        0.2159460869397718,
        0.22567979800462099,
        0.21541163700761853,
        0.2259230540436875,
        0.21959601458301728,
        0.21800286615788678,
        0.2259140489614831
    ],
    "train_acc": [
        0.597646033129904,
        0.8129904097646034,
        0.8435047951176984,
        0.8596338273757629,
        0.8770706190061028,
        0.9006102877070619,
        0.9088927637314734,
        0.916303400174368,
        0.9158674803836094,
        0.9149956408020924,
        0.9289450741063644,
        0.9210985178727115,
        0.916303400174368,
        0.918918918918919,
        0.923278116826504,
        0.9237140366172624,
        0.9250217959895379,
        0.9210985178727115,
        0.9193548387096774,
        0.9210985178727115,
        0.9245858761987794,
        0.9289450741063644,
        0.918918918918919,
        0.93025283347864,
        0.925893635571055,
        0.9267654751525719,
        0.9215344376634699,
        0.9285091543156059,
        0.9272013949433304,
        0.9180470793374019
    ],
    "val_loss": [
        0.8003110417004289,
        0.5917554497718811,
        0.5170223355293274,
        0.4506883850385403,
        0.4152196021943257,
        0.38352695472281556,
        0.36395094004170647,
        0.36185498669229704,
        0.3623065738328572,
        0.3563134925632641,
        0.35602548112129345,
        0.3587999251382104,
        0.3487833315185432,
        0.3479457302853979,
        0.3474902954851759,
        0.3485250540848436,
        0.3458647336682369,
        0.3503163373418923,
        0.354003988848678,
        0.349524185344063,
        0.35170994031018227,
        0.35161132496492614,
        0.35520464962926407,
        0.35015786724357767,
        0.3437462201920049,
        0.3483331430318027,
        0.3484225921846669,
        0.34958813298365166,
        0.34894935398780064,
        0.347388806271142
    ],
    "val_acc": [
        0.7482758620689656,
        0.7931034482758621,
        0.8172413793103448,
        0.8275862068965517,
        0.8413793103448276,
        0.8551724137931035,
        0.8620689655172413,
        0.8689655172413793,
        0.8586206896551725,
        0.8551724137931035,
        0.8655172413793103,
        0.8586206896551725,
        0.8724137931034482,
        0.8689655172413793,
        0.8655172413793103,
        0.8620689655172413,
        0.8620689655172413,
        0.8655172413793103,
        0.8620689655172413,
        0.8655172413793103,
        0.8689655172413793,
        0.8620689655172413,
        0.8655172413793103,
        0.8620689655172413,
        0.8724137931034482,
        0.8655172413793103,
        0.8655172413793103,
        0.8620689655172413,
        0.8586206896551725,
        0.8689655172413793
    ]
}