{
    "epoch": [
        1.0,
        2.0,
        3.0,
        4.0,
        5.0,
        6.0,
        7.0,
        8.0,
        9.0,
        10.0,
        11.0,
        12.0,
        13.0,
        14.0,
        15.0,
        16.0,
        17.0,
        18.0,
        19.0,
        20.0,
        21.0,
        22.0,
        23.0,
        24.0,
        25.0,
        26.0,
        27.0,
        28.0,
        29.0,
        30.0
    ],
    "train_loss": [
        1.2320844810115013,
        0.7715437062532879,
        0.558533093257894,
        0.47049782763591724,
        0.39170706508569125,
        0.36078644227545054,
        0.3127435663132015,
        0.29023802597416726,
        0.2916256172197636,
        0.2716949760602055,
        0.2663888627924707,
        0.26134454484285224,
        0.26654120596367686,
        0.26485780967560246,
        0.2671892892734944,
        0.2662127200114592,
        0.2555037295054433,
        0.25113627790053616,
        0.2579994090128797,
        0.25213561665003675,
        0.2627894049015062,
        0.26036202320349977,
        0.2619191016336057,
        0.26500161549477547,
        0.2601649721706028,
        0.26047222257803704,
        0.2608936251560916,
        0.26307273390455255,
        0.25895780244389094,
        0.2601347882771554
    ],
    "train_acc": [
        0.4734088927637315,
        0.7109851787271142,
        0.7964254577157803,
        0.8177855274629469,
        0.8530950305143854,
        0.8570183086312119,
        0.8761987794245859,
        0.8801220575414124,
        0.8823016564952049,
        0.8984306887532694,
        0.8975588491717524,
        0.8910200523103748,
        0.8971229293809939,
        0.8940714908456844,
        0.8888404533565823,
        0.8997384481255449,
        0.9045335658238884,
        0.8997384481255449,
        0.8971229293809939,
        0.9080209241499564,
        0.8966870095902354,
        0.8940714908456844,
        0.8958151700087184,
        0.8918918918918919,
        0.8949433304272014,
        0.8988666085440279,
        0.8918918918918919,
        0.8988666085440279,
        0.8988666085440279,
        0.8945074106364429
    ],
    "val_loss": [
        0.9712025305320476,
        0.7370004082548207,
        0.6107343131098254,
        0.5397438822121455,
        0.48877421453081327,
        0.4523228040543096,
        0.4172367194603229,
        0.41576878261463396,
        0.41298151026512014,
        0.40768198201368594,
        0.4066735629377694,
        0.40662536649354575,
        0.40237637747978344,
        0.40335017599422357,
        0.4036204881452281,
        0.40323505404180493,
        0.40315871323490965,
        0.40308495744548994,
        0.4026570713468667,
        0.4028303003002857,
        0.4032287855343572,
        0.4032054427625804,
        0.4032110385082919,
        0.4031356457492401,
        0.4030797634916059,
        0.40309461884457487,
        0.4030716864199474,
        0.4029720288155408,
        0.40297103537053897,
        0.40297022544104477
    ],
    "val_acc": [
        0.6,
        0.6793103448275862,
        0.7620689655172413,
        0.8,
        0.803448275862069,
        0.8172413793103448,
        0.8379310344827586,
        0.8310344827586207,
        0.8344827586206897,
        0.8448275862068966,
        0.8413793103448276,
        0.8379310344827586,
        0.8482758620689655,
        0.8448275862068966,
        0.8448275862068966,
        0.8448275862068966,
        0.8448275862068966,
        0.8448275862068966,
        0.8448275862068966,
        0.8448275862068966,
        0.8448275862068966,
        0.8448275862068966,
        0.8448275862068966,
        0.8448275862068966,
        0.8448275862068966,
        0.8448275862068966,
        0.8448275862068966,
        0.8448275862068966,
        0.8448275862068966,
        0.8448275862068966
    ]
}